DROP DATABASE hotel;

CREATE DATABASE hotel; 
USE hotel;

CREATE TABLE station (
	sta_id INT NOT NULL AUTO_INCREMENT PRIMARY KEY,
	sta_nom VARCHAR(50) NOT NULL,
	sta_altitude INT
);

CREATE TABLE hotel (
	hot_id 			INT AUTO_INCREMENT NOT NULL,
	hot_sta_id 		INT NOT NULL,
	hot_nom 		VARCHAR(50) NOT NULL,
	hot_categorie 	INT NOT NULL,
	hot_adresse		VARCHAR(50) NOT NULL,
	hot_ville 		VARCHAR(50) NOT NULL, 
	FOREIGN KEY (hot_sta_id) REFERENCES station(sta_id),
	PRIMARY KEY (hot_id)
);

CREATE TABLE chambre (
	cha_id INT NOT NULL AUTO_INCREMENT ,
	cha_hot_id INT NOT NULL,
	cha_numero INT NOT NULL,
	cha_capacite INT NOT NULL,
	cha_type INT NOT NULL,
	FOREIGN KEY (cha_hot_id) REFERENCES hotel(hot_id),
	PRIMARY KEY (cha_id)
);

CREATE TABLE CLIENT (
	cli_id INT NOT NULL AUTO_INCREMENT ,
	cli_nom VARCHAR(50),
	cli_prenom VARCHAR(50),
	cli_adresse VARCHAR(50),
	cli_ville VARCHAR(50),
	PRIMARY KEY (cli_id)
);

CREATE TABLE reservation (
	res_id INT NOT NULL AUTO_INCREMENT,
	res_cha_id INT NOT NULL ,
	res_cli_id INT NOT NULL ,
	res_date DATETIME NOT NULL,
	res_date_debut DATETIME NOT NULL,
	res_date_fin DATETIME NOT NULL,
	res_prix DECIMAL(6,2) NOT NULL,
	res_arrhes DECIMAL(6,2),
	FOREIGN KEY (res_cha_id) REFERENCES chambre(cha_id),
	FOREIGN KEY (res_cli_id) REFERENCES client(cli_id),
	PRIMARY KEY (res_id)
);

INSERT INTO station (sta_id, sta_nom, sta_altitude) VALUES (1, 'La Montagne', 2500);
INSERT INTO station (sta_id, sta_nom, sta_altitude) VALUES (2, 'Le Sud', 200);
INSERT INTO station (sta_id, sta_nom, sta_altitude) VALUES (3, 'La Plage', 10);

INSERT INTO hotel (hot_id, hot_sta_id, hot_nom, hot_categorie, hot_adresse, hot_ville) VALUES (1, 1, 'Le Magnifique', 3, 'rue du bas', 'Pralo');
INSERT INTO hotel (hot_id, hot_sta_id, hot_nom, hot_categorie, hot_adresse, hot_ville) VALUES (2, 1, 'Hotel du haut', 1, 'rue du haut', 'Pralo');
INSERT INTO hotel (hot_id, hot_sta_id, hot_nom, hot_categorie, hot_adresse, hot_ville) VALUES (3, 2, 'Le Narval', 3, 'place de la liberation', 'Vonten');
INSERT INTO hotel (hot_id, hot_sta_id, hot_nom, hot_categorie, hot_adresse, hot_ville) VALUES (4, 2, 'Les Pissenlis', 4, 'place du 14 juillet', 'Bretou');
INSERT INTO hotel (hot_id, hot_sta_id, hot_nom, hot_categorie, hot_adresse, hot_ville) VALUES (5, 2, 'RR Hotel', 5, 'place du bas', 'Bretou');
INSERT INTO hotel (hot_id, hot_sta_id, hot_nom, hot_categorie, hot_adresse, hot_ville) VALUES (6, 2, 'La Brique', 2, 'place du haut', 'Bretou');
INSERT INTO hotel (hot_id, hot_sta_id, hot_nom, hot_categorie, hot_adresse, hot_ville) VALUES (7, 3, 'Le Beau Rivage', 3, 'place du centre', 'Toras');

INSERT INTO chambre (cha_numero, cha_hot_id, cha_capacite, cha_type) VALUES (001, 1, 2, 1);
INSERT INTO chambre (cha_numero, cha_hot_id, cha_capacite, cha_type) VALUES (002, 1, 3, 1);
INSERT INTO chambre (cha_numero, cha_hot_id, cha_capacite, cha_type) VALUES (003, 1, 2, 1);
INSERT INTO chambre (cha_numero, cha_hot_id, cha_capacite, cha_type) VALUES (101, 1, 1, 1);
INSERT INTO chambre (cha_numero, cha_hot_id, cha_capacite, cha_type) VALUES (102, 1, 2, 1);
INSERT INTO chambre (cha_numero, cha_hot_id, cha_capacite, cha_type) VALUES (103, 1, 3, 1);
INSERT INTO chambre (cha_numero, cha_hot_id, cha_capacite, cha_type) VALUES (201, 1, 2, 1);
INSERT INTO chambre (cha_numero, cha_hot_id, cha_capacite, cha_type) VALUES (202, 1, 7, 1);
INSERT INTO chambre (cha_numero, cha_hot_id, cha_capacite, cha_type) VALUES (203, 1, 1, 1);
INSERT INTO chambre (cha_numero, cha_hot_id, cha_capacite, cha_type) VALUES (001, 2, 2, 1);
INSERT INTO chambre (cha_numero, cha_hot_id, cha_capacite, cha_type) VALUES (002, 2, 2, 1);
INSERT INTO chambre (cha_numero, cha_hot_id, cha_capacite, cha_type) VALUES (003, 2, 1, 1);
INSERT INTO chambre (cha_numero, cha_hot_id, cha_capacite, cha_type) VALUES (101, 2, 2, 1);
INSERT INTO chambre (cha_numero, cha_hot_id, cha_capacite, cha_type) VALUES (102, 2, 1, 1);
INSERT INTO chambre (cha_numero, cha_hot_id, cha_capacite, cha_type) VALUES (103, 2, 3, 1);
INSERT INTO chambre (cha_numero, cha_hot_id, cha_capacite, cha_type) VALUES (201, 2, 2, 1);
INSERT INTO chambre (cha_numero, cha_hot_id, cha_capacite, cha_type) VALUES (202, 2, 4, 1);
INSERT INTO chambre (cha_numero, cha_hot_id, cha_capacite, cha_type) VALUES (203, 2, 4, 1);
INSERT INTO chambre (cha_numero, cha_hot_id, cha_capacite, cha_type) VALUES (001, 3, 3, 1);
INSERT INTO chambre (cha_numero, cha_hot_id, cha_capacite, cha_type) VALUES (002, 3, 1, 1);
INSERT INTO chambre (cha_numero, cha_hot_id, cha_capacite, cha_type) VALUES (003, 3, 2, 1);
INSERT INTO chambre (cha_numero, cha_hot_id, cha_capacite, cha_type) VALUES (101, 3, 2, 1);
INSERT INTO chambre (cha_numero, cha_hot_id, cha_capacite, cha_type) VALUES (102, 3, 2, 1);
INSERT INTO chambre (cha_numero, cha_hot_id, cha_capacite, cha_type) VALUES (103, 3, 2, 1);
INSERT INTO chambre (cha_numero, cha_hot_id, cha_capacite, cha_type) VALUES (201, 3, 2, 1);
INSERT INTO chambre (cha_numero, cha_hot_id, cha_capacite, cha_type) VALUES (202, 3, 4, 1);
INSERT INTO chambre (cha_numero, cha_hot_id, cha_capacite, cha_type) VALUES (203, 3, 4, 1);
INSERT INTO chambre (cha_numero, cha_hot_id, cha_capacite, cha_type) VALUES (001, 4, 4, 1);
INSERT INTO chambre (cha_numero, cha_hot_id, cha_capacite, cha_type) VALUES (002, 4, 2, 1);
INSERT INTO chambre (cha_numero, cha_hot_id, cha_capacite, cha_type) VALUES (003, 4, 4, 1);
INSERT INTO chambre (cha_numero, cha_hot_id, cha_capacite, cha_type) VALUES (101, 4, 1, 1);
INSERT INTO chambre (cha_numero, cha_hot_id, cha_capacite, cha_type) VALUES (102, 4, 2, 1);
INSERT INTO chambre (cha_numero, cha_hot_id, cha_capacite, cha_type) VALUES (103, 4, 2, 1);
INSERT INTO chambre (cha_numero, cha_hot_id, cha_capacite, cha_type) VALUES (201, 4, 2, 1);
INSERT INTO chambre (cha_numero, cha_hot_id, cha_capacite, cha_type) VALUES (202, 4, 2, 1);
INSERT INTO chambre (cha_numero, cha_hot_id, cha_capacite, cha_type) VALUES (203, 4, 3, 1);
INSERT INTO chambre (cha_numero, cha_hot_id, cha_capacite, cha_type) VALUES (001, 5, 3, 1);
INSERT INTO chambre (cha_numero, cha_hot_id, cha_capacite, cha_type) VALUES (002, 5, 2, 1);
INSERT INTO chambre (cha_numero, cha_hot_id, cha_capacite, cha_type) VALUES (003, 5, 2, 1);
INSERT INTO chambre (cha_numero, cha_hot_id, cha_capacite, cha_type) VALUES (101, 5, 1, 1);
INSERT INTO chambre (cha_numero, cha_hot_id, cha_capacite, cha_type) VALUES (102, 5, 4, 1);
INSERT INTO chambre (cha_numero, cha_hot_id, cha_capacite, cha_type) VALUES (103, 5, 1, 1);
INSERT INTO chambre (cha_numero, cha_hot_id, cha_capacite, cha_type) VALUES (201, 5, 2, 1);
INSERT INTO chambre (cha_numero, cha_hot_id, cha_capacite, cha_type) VALUES (202, 5, 4, 1);
INSERT INTO chambre (cha_numero, cha_hot_id, cha_capacite, cha_type) VALUES (203, 5, 4, 1);
INSERT INTO chambre (cha_numero, cha_hot_id, cha_capacite, cha_type) VALUES (001, 6, 1, 1);
INSERT INTO chambre (cha_numero, cha_hot_id, cha_capacite, cha_type) VALUES (002, 6, 1, 1);
INSERT INTO chambre (cha_numero, cha_hot_id, cha_capacite, cha_type) VALUES (003, 6, 1, 1);
INSERT INTO chambre (cha_numero, cha_hot_id, cha_capacite, cha_type) VALUES (101, 6, 1, 1);
INSERT INTO chambre (cha_numero, cha_hot_id, cha_capacite, cha_type) VALUES (102, 6, 1, 1);
INSERT INTO chambre (cha_numero, cha_hot_id, cha_capacite, cha_type) VALUES (103, 6, 1, 1);
INSERT INTO chambre (cha_numero, cha_hot_id, cha_capacite, cha_type) VALUES (201, 6, 1, 1);
INSERT INTO chambre (cha_numero, cha_hot_id, cha_capacite, cha_type) VALUES (202, 6, 1, 1);
INSERT INTO chambre (cha_numero, cha_hot_id, cha_capacite, cha_type) VALUES (203, 6, 1, 1);
INSERT INTO chambre (cha_numero, cha_hot_id, cha_capacite, cha_type) VALUES (001, 7, 1, 1);
INSERT INTO chambre (cha_numero, cha_hot_id, cha_capacite, cha_type) VALUES (002, 7, 5, 1);
INSERT INTO chambre (cha_numero, cha_hot_id, cha_capacite, cha_type) VALUES (003, 7, 5, 1);
INSERT INTO chambre (cha_numero, cha_hot_id, cha_capacite, cha_type) VALUES (101, 7, 5, 1);
INSERT INTO chambre (cha_numero, cha_hot_id, cha_capacite, cha_type) VALUES (102, 7, 5, 1);
INSERT INTO chambre (cha_numero, cha_hot_id, cha_capacite, cha_type) VALUES (103, 7, 5, 1);
INSERT INTO chambre (cha_numero, cha_hot_id, cha_capacite, cha_type) VALUES (201, 7, 5, 1);
INSERT INTO chambre (cha_numero, cha_hot_id, cha_capacite, cha_type) VALUES (202, 7, 5, 1);
INSERT INTO chambre (cha_numero, cha_hot_id, cha_capacite, cha_type) VALUES (203, 7, 5, 1);

INSERT INTO client (cli_nom, cli_prenom, cli_adresse, cli_ville) VALUES ('Doe', 'John', '', 'LA');
INSERT INTO client (cli_nom, cli_prenom, cli_adresse, cli_ville) VALUES ('Homme', 'Josh', '', 'Palm Desert');
INSERT INTO client (cli_nom, cli_prenom, cli_adresse, cli_ville) VALUES ('Paul', 'Weller', '', 'Londre');
INSERT INTO client (cli_nom, cli_prenom, cli_adresse, cli_ville) VALUES ('White', 'Jack', '', 'Detroit');
INSERT INTO client (cli_nom, cli_prenom, cli_adresse, cli_ville) VALUES ('Claypool', 'Les', '', 'San Francisco');
INSERT INTO client (cli_nom, cli_prenom, cli_adresse, cli_ville) VALUES ('Squire', 'Chris', '', 'Londre');
INSERT INTO client (cli_nom, cli_prenom, cli_adresse, cli_ville) VALUES ('Wood', 'Ronnie', '', 'Londre');

INSERT INTO reservation (res_cha_id, res_cli_id, res_date, res_date_debut, res_date_fin, res_prix, res_arrhes) VALUES (1, 1, '2017-01-10', '2017-07-01', '2017-07-15', 2400, 800);
INSERT INTO reservation (res_cha_id, res_cli_id, res_date, res_date_debut, res_date_fin, res_prix, res_arrhes) VALUES (2, 2, '2017-01-10', '2017-07-01', '2017-07-15', 3400, 100);
INSERT INTO reservation (res_cha_id, res_cli_id, res_date, res_date_debut, res_date_fin, res_prix, res_arrhes) VALUES (1, 3, '2017-01-10', '2017-07-01', '2017-07-15', 400, 50);
INSERT INTO reservation (res_cha_id, res_cli_id, res_date, res_date_debut, res_date_fin, res_prix, res_arrhes) VALUES (2, 4, '2017-01-10', '2017-07-01', '2017-07-15', 7200, 1800);
INSERT INTO reservation (res_cha_id, res_cli_id, res_date, res_date_debut, res_date_fin, res_prix, res_arrhes) VALUES (3, 5, '2017-01-10', '2017-07-01', '2017-07-15', 1400, 450);
INSERT INTO reservation (res_cha_id, res_cli_id, res_date, res_date_debut, res_date_fin, res_prix, res_arrhes) VALUES (4, 6, '2017-01-10', '2017-07-01', '2017-07-15', 2400, 780);
INSERT INTO reservation (res_cha_id, res_cli_id, res_date, res_date_debut, res_date_fin, res_prix, res_arrhes) VALUES (4, 6, '2017-01-10', '2017-07-01', '2017-07-15', 500, 80);
INSERT INTO reservation (res_cha_id, res_cli_id, res_date, res_date_debut, res_date_fin, res_prix, res_arrhes) VALUES (4, 1, '2017-01-10', '2017-07-01', '2017-07-15', 40, 0);




-- EXERCICES:

--affiche les hotels et leur ville
SELECT hot_nom, hot_ville FROM hotel;

--affiche la ville de résidence de Mr White
SELECT cli_ville FROM `client` WHERE cli_nom='WHITE';

-- affiche la liste des stations dont l'altitude <1000
SELECT sta_nom, sta_altitude FROM station WHERE sta_altitude<1000;

-- Affiche la liste des chambres ayant une capacité > 1
SELECT cha_id, cha_numero, cha_capacite, cha_hot_id FROM chambre where cha_capacite>1 GROUP BY cha_id;

-- Affiche les clients n’habitant pas à Londres
SELECT cli_nom, cli_prenom, cli_ville FROM `client` WHERE cli_ville <> "Londre";

-- Affiche la liste des hôtels située sur la ville de Bretou et possédant une catégorie>3 
SELECT hot_nom, hot_ville, hot_categorie FROM hotel WHERE hot_categorie>3 AND hot_ville="Bretou";

-- Afficher la liste des hôtels avec leur station
SELECT sta_nom, hot_nom, hot_ville, hot_categorie FROM hotel LEFT JOIN station ON sta_id=hot_sta_id;

-- Afficher la liste des chambres et leur hôtel
SELECT hot_nom, hot_categorie, hot_ville, cha_numero FROM hotel right JOIN chambre ON cha_hot_id=hot_id;

-- Affiche la liste des chambres de plus d'une place dans des hôtels situés sur la ville de Bretou
SELECT hot_nom, hot_categorie, hot_ville, cha_numero, cha_capacite FROM hotel right JOIN chambre ON cha_capacite>1 AND hot_ville="Bretou";

-- Afficher la liste des réservations avec le nom des clients 
SELECT `client`.cli_nom AS 'NOM DU CLIENT', hotel.hot_nom AS 'HOTEL',
reservation.res_date AS 'DATE DE RESERVATION'
FROM `client`
inner JOIN reservation ON res_cli_id=cli_id
inner JOIN chambre ON res_cha_id=cha_id
inner JOIN hotel ON cha_hot_id=hot_id;

-- Afficher la liste des chambres avec le nom de l’hôtel et le nom de la station
SELECT station.sta_nom AS 'STATION',
hotel.hot_nom AS 'HOTEL',
chambre.cha_numero AS 'NUMERO CHAMBRE',
chambre.cha_capacite AS 'CAPACITE'
FROM chambre
INNER JOIN hotel ON cha_hot_id=hot_id
INNER JOIN station ON hot_sta_id=sta_id;

-- Afficher les réservations avec le nom du client et le nom de l’hôtel
SELECT `client`.cli_nom AS 'NOM DU CLIENT',
hotel.hot_nom AS 'HOTEL',
reservation.res_date_debut AS 'DEBUT DU SEJOUR',
DATEDIFF(reservation.res_date_fin,reservation.res_date_debut) AS 'DUREE DU SEJOUR (en jours)'
FROM `client`
inner JOIN reservation ON res_cli_id=cli_id
inner JOIN chambre ON res_cha_id=cha_id
inner JOIN hotel ON cha_hot_id=hot_id;

-- Compter le nombre d’hôtel par station
SELECT station.sta_nom AS 'Nom Station', count(hotel.hot_id) AS 'Nombre hôtels' FROM station
inner join hotel on hotel.hot_sta_id = station.sta_id
GROUP BY station.sta_id;

-- Compter le nombre de chambre par station
SELECT station.sta_nom AS 'Nom Station',
count(chambre.cha_id) AS 'Nombre chambres'
FROM station
inner join hotel on hotel.hot_sta_id = station.sta_id
INNER JOIN chambre ON chambre.cha_hot_id=hotel.hot_id
GROUP BY station.sta_nom;

--  Compter le nombre de chambre par station ayant une capacité > 1
SELECT station.sta_nom AS 'Nom Station',
count(chambre.cha_id) AS 'Nombre chambres'
FROM station
INNER JOIN hotel ON hotel.hot_sta_id = station.sta_id
INNER JOIN chambre ON chambre.cha_hot_id=hotel.hot_id
WHERE chambre.cha_capacite > 1
GROUP BY station.sta_nom;

-- Afficher la liste des hôtels pour lesquels Mr Squire a effectué une réservation
SELECT hotel.hot_nom AS "Liste des hôtels où Mr Squire a fait des réservations"
FROM hotel
INNER JOIN chambre ON hotel.hot_id=chambre.cha_hot_id
INNER JOIN reservation ON reservation.res_cha_id=chambre.cha_id
INNER JOIN `client` ON `client`.cli_id=reservation.res_cli_id
WHERE `client`.cli_nom='Squire';

-- Afficher la durée moyenne des réservations par station
SELECT station.sta_nom AS 'STATION',
ROUND(AVG(DATEDIFF(reservation.res_date_fin,reservation.res_date_debut)),2) AS 'Durée moyenne de séjour'
FROM station
INNER JOIN hotel on hotel.hot_sta_id = station.sta_id
INNER JOIN chambre ON hotel.hot_id=chambre.cha_hot_id
INNER JOIN reservation ON reservation.res_cha_id=chambre.cha_id
GROUP BY station.sta_nom;